{"cameraMode":{"drawMode":0,"name":"Shaded","section":"Shading Mode"},"sceneLighting":true,"audioPlay":false,"sceneViewState":{"m_AlwaysRefresh":false,"showFog":true,"showSkybox":true,"showFlares":true,"showImageEffects":true,"showParticleSystems":true,"showVisualEffectGraphs":true,"m_FxEnabled":true},"in2DMode":false,"pivot":{"x":2.774806022644043,"y":-1.3643043041229249,"z":0.38123226165771487},"rotation":{"x":0.0984497144818306,"y":0.9004331231117249,"z":-0.27498704195022585,"w":0.3223671317100525},"size":3.1775364875793459,"orthographic":false}